{
    "now": "2024-11-19T09:08:38.450Z",
    "perfNow": 5631804.899999976,
    "diagnosticCorrelation": "696a812c-0460-4c76-846e-c243f0aa5aa2",
    "source": "DownloadSupportFiles",
    "environment": {
        "productName": "adf",
        "buildVersion": "1.0.110124.1",
        "environmentType": 3,
        "resourceName": "neodatafactory",
        "resourceRegion": "eastus",
        "resourceGroup": "neostat_mushu1",
        "subscriptionId": "1a9957e9-3790-452f-94f6-a4031a6c3541",
        "sessionId": "0H946qc6nPPsDjm/P5roc2",
        "operationId": "",
        "gitType": "live",
        "loggingKey": "91fcc678-34f6-46b0-9772-b7ddf8451951"
    },
    "additionalInfo": {
        "selectedResource": "Cleaning_pipeline",
        "selectedResourceType": "dataflow",
        "dataFlowSessionId": "cc3c7c0f-d0e0-4c31-931a-cb3ff3851e37"
    }
}