{
    "name": "Cleaning_pipeline",
    "properties": {
        "type": "MappingDataFlow",
        "typeProperties": {
            "sources": [
                {
                    "dataset": {
                        "referenceName": "DelimitedText6",
                        "type": "DatasetReference"
                    },
                    "name": "source1"
                }
            ],
            "sinks": [
                {
                    "dataset": {
                        "referenceName": "DelimitedText7",
                        "type": "DatasetReference"
                    },
                    "name": "sink1"
                }
            ],
            "transformations": [
                {
                    "name": "CleanOrderID"
                },
                {
                    "name": "Customer"
                },
                {
                    "name": "phonenumber"
                },
                {
                    "name": "location"
                },
                {
                    "name": "country"
                },
                {
                    "name": "Storecode"
                },
                {
                    "name": "Product"
                },
                {
                    "name": "creditcardnumber"
                },
                {
                    "name": "quantity"
                },
                {
                    "name": "price"
                },
                {
                    "name": "date"
                }
            ],
            "scriptLines": [
                "source(output(",
                "          OrderID as string,",
                "          CustomerName as string,",
                "          PhoneNumber as string,",
                "          Location as string,",
                "          Country as string,",
                "          StoreCode as string,",
                "          Product as string,",
                "          Quantity as string,",
                "          Price as string,",
                "          Date as string,",
                "          CreditCardNumber as string,",
                "          ExpiryDate as string",
                "     ),",
                "     allowSchemaDrift: true,",
                "     validateSchema: false,",
                "     ignoreNoFilesFound: false) ~> source1",
                "source1 derive(OrderID = iif(isNull(OrderID) || trim(OrderID) == '', 'Unknown', OrderID)) ~> CleanOrderID",
                "CleanOrderID derive(CustomerName = iif(isNull(CustomerName) || trim(CustomerName) == '', 'Unknown', CustomerName)) ~> Customer",
                "Customer derive(PhoneNumber = iif(isNull(PhoneNumber) || trim(PhoneNumber) == '', 'Unknown', PhoneNumber)) ~> phonenumber",
                "phonenumber derive(Location = iif(isNull(Location) || trim(Location) == '', 'Unknown', Location)) ~> location",
                "location derive(Country = iif(isNull(Country) || trim(Country) == '', 'Unknown', Country)) ~> country",
                "country derive(StoreCode = iif(isNull(StoreCode) || trim(StoreCode) == '', 'Unknown', StoreCode)) ~> Storecode",
                "Storecode derive(Product = iif(isNull(Product) || trim(Product) == '', 'Unknown', Product)) ~> Product",
                "Product derive(CreditCardNumber = iif(isNull(CreditCardNumber) || trim(CreditCardNumber) == '', 'Unknown', CreditCardNumber)) ~> creditcardnumber",
                "creditcardnumber derive(Quantity = iif(isNull(trim(Quantity)) || trim(Quantity) == '', '10', Quantity)) ~> quantity",
                "quantity derive(Price = iif(isNull(trim(Price)) || trim(Price) == '', '100', Price)) ~> price",
                "price derive(Date = iif(isNull(toDate(Date, 'yyyy-MM-dd')), toDate('1970-01-01', 'yyyy-MM-dd'), toDate(Date, 'yyyy-MM-dd'))) ~> date",
                "date sink(allowSchemaDrift: true,",
                "     validateSchema: false,",
                "     input(",
                "          OrderID as string,",
                "          CustomerName as string,",
                "          PhoneNumber as string,",
                "          Location as string,",
                "          Country as string,",
                "          StoreCode as string,",
                "          Product as string,",
                "          Quantity as string,",
                "          Price as string,",
                "          Date as string,",
                "          CreditCardNumber as string,",
                "          ExpiryDate as string",
                "     ),",
                "     partitionFileNames:['cleanedsalesdata.csv'],",
                "     umask: 0022,",
                "     preCommands: [],",
                "     postCommands: [],",
                "     skipDuplicateMapInputs: true,",
                "     skipDuplicateMapOutputs: true,",
                "     partitionBy('hash', 1)) ~> sink1"
            ]
        }
    }
}