{
    "name": "Tranformation_pipeline",
    "properties": {
        "type": "MappingDataFlow",
        "typeProperties": {
            "sources": [
                {
                    "dataset": {
                        "referenceName": "DelimitedText1",
                        "type": "DatasetReference"
                    },
                    "name": "source1"
                }
            ],
            "sinks": [
                {
                    "dataset": {
                        "referenceName": "DelimitedText2",
                        "type": "DatasetReference"
                    },
                    "name": "sink1"
                },
                {
                    "dataset": {
                        "referenceName": "DelimitedText3",
                        "type": "DatasetReference"
                    },
                    "name": "sink2"
                },
                {
                    "dataset": {
                        "referenceName": "DelimitedText4",
                        "type": "DatasetReference"
                    },
                    "name": "sink3"
                },
                {
                    "dataset": {
                        "referenceName": "DelimitedText5",
                        "type": "DatasetReference"
                    },
                    "name": "sink4"
                }
            ],
            "transformations": [
                {
                    "name": "ordermonth"
                },
                {
                    "name": "totalsales"
                },
                {
                    "name": "cleanedcustomernames"
                },
                {
                    "name": "CalculateAOV"
                },
                {
                    "name": "SegmentCustomers"
                },
                {
                    "name": "MaskCreditCard"
                },
                {
                    "name": "ProfitMargin"
                },
                {
                    "name": "CountOrdersPerCustomer"
                },
                {
                    "name": "FilterHighValueTransactions"
                },
                {
                    "name": "AggregateSalesByLocation"
                }
            ],
            "scriptLines": [
                "source(output(",
                "          OrderID as string,",
                "          CustomerName as string,",
                "          PhoneNumber as string,",
                "          Location as string,",
                "          Country as string,",
                "          StoreCode as string,",
                "          Product as string,",
                "          Quantity as string,",
                "          Price as string,",
                "          Date as string,",
                "          CreditCardNumber as string,",
                "          ExpiryDate as string",
                "     ),",
                "     allowSchemaDrift: true,",
                "     validateSchema: false,",
                "     ignoreNoFilesFound: false) ~> source1",
                "source1 derive(ordermonth = month(toDate(Date, 'yyyy-MM-dd'))) ~> ordermonth",
                "ordermonth derive(Totalsales = toInteger(Quantity) * toDecimal(Price)) ~> totalsales",
                "totalsales derive(FullCustomerName = CustomerName + ' (' + Location + ')') ~> cleanedcustomernames",
                "cleanedcustomernames derive(AverageOrderValue = Totalsales / toFloat(Quantity)) ~> CalculateAOV",
                "CalculateAOV derive(CustomerSegment = iif(Totalsales > 5000, 'High-value', iif(Totalsales >= 200, 'Medium-value', 'Low-value'))) ~> SegmentCustomers",
                "SegmentCustomers derive(MaskedCreditCard = iif(isNull(CreditCardNumber), '', concat('xxxx-xxxx-xxxx-', substring(CreditCardNumber, length(CreditCardNumber) - 4, 4)))) ~> MaskCreditCard",
                "MaskCreditCard derive(ProfitMargin = toInteger(Price) * 0.2,",
                "          DiscountApplied = iif(toInteger(Quantity) > 10, 'Yes', 'No')) ~> ProfitMargin",
                "source1 aggregate(groupBy(CustomerName),",
                "     OrderID = count(OrderID)) ~> CountOrdersPerCustomer",
                "totalsales filter(Totalsales > 500) ~> FilterHighValueTransactions",
                "totalsales aggregate(groupBy(Location),",
                "     Totalsales = sum(Totalsales)) ~> AggregateSalesByLocation",
                "CountOrdersPerCustomer sink(allowSchemaDrift: true,",
                "     validateSchema: false,",
                "     input(",
                "          OrderID as string,",
                "          CustomerName as string,",
                "          PhoneNumber as string,",
                "          Location as string,",
                "          Country as string,",
                "          StoreCode as string,",
                "          Product as string,",
                "          Quantity as string,",
                "          Price as string,",
                "          Date as string,",
                "          CreditCardNumber as string,",
                "          ExpiryDate as string",
                "     ),",
                "     partitionFileNames:['final3.csv'],",
                "     umask: 0022,",
                "     preCommands: [],",
                "     postCommands: [],",
                "     skipDuplicateMapInputs: true,",
                "     skipDuplicateMapOutputs: true,",
                "     partitionBy('hash', 1)) ~> sink1",
                "ProfitMargin sink(allowSchemaDrift: true,",
                "     validateSchema: false,",
                "     input(",
                "          OrderID as string,",
                "          CustomerName as string,",
                "          PhoneNumber as string,",
                "          Location as string,",
                "          Country as string,",
                "          StoreCode as string,",
                "          Product as string,",
                "          Quantity as string,",
                "          Price as string,",
                "          Date as string,",
                "          CreditCardNumber as string,",
                "          ExpiryDate as string",
                "     ),",
                "     partitionFileNames:['final.csv'],",
                "     umask: 0022,",
                "     preCommands: [],",
                "     postCommands: [],",
                "     skipDuplicateMapInputs: true,",
                "     skipDuplicateMapOutputs: true,",
                "     partitionBy('hash', 1)) ~> sink2",
                "AggregateSalesByLocation sink(allowSchemaDrift: true,",
                "     validateSchema: false,",
                "     input(",
                "          OrderID as string,",
                "          CustomerName as string,",
                "          PhoneNumber as string,",
                "          Location as string,",
                "          Country as string,",
                "          StoreCode as string,",
                "          Product as string,",
                "          Quantity as string,",
                "          Price as string,",
                "          Date as string,",
                "          CreditCardNumber as string,",
                "          ExpiryDate as string",
                "     ),",
                "     partitionFileNames:['final2.csv'],",
                "     umask: 0022,",
                "     preCommands: [],",
                "     postCommands: [],",
                "     skipDuplicateMapInputs: true,",
                "     skipDuplicateMapOutputs: true,",
                "     partitionBy('hash', 1)) ~> sink3",
                "FilterHighValueTransactions sink(allowSchemaDrift: true,",
                "     validateSchema: false,",
                "     input(",
                "          OrderID as string,",
                "          CustomerName as string,",
                "          PhoneNumber as string,",
                "          Location as string,",
                "          Country as string,",
                "          StoreCode as string,",
                "          Product as string,",
                "          Quantity as string,",
                "          Price as string,",
                "          Date as string,",
                "          CreditCardNumber as string,",
                "          ExpiryDate as string",
                "     ),",
                "     partitionFileNames:['final1.csv'],",
                "     umask: 0022,",
                "     preCommands: [],",
                "     postCommands: [],",
                "     skipDuplicateMapInputs: true,",
                "     skipDuplicateMapOutputs: true,",
                "     partitionBy('hash', 1)) ~> sink4"
            ]
        }
    }
}